blue,green,red,ndwi,brightness,label,source_file
0.21991105,0.27061304,0.2099402,0.12625599,0.2334881,0,Shasta_2009_11.tif
0.1322498,0.18725985,0.15840258,0.08348374,0.15930407,0,Shasta_2009_11.tif
0.07939078,0.12751621,0.11731834,0.04165192,0.108075105,0,Shasta_2009_11.tif
0.08927663,0.16033922,0.11610283,0.1600199,0.12190622,0,Shasta_2009_11.tif
0.14031988,0.20511097,0.16034739,0.12248579,0.16859275,0,Shasta_2009_11.tif
0.21385849,0.2795386,0.21188502,0.13766828,0.23509403,0,Shasta_2009_11.tif
0.0918994,0.13053939,0.10880977,0.0907859,0.11041618,0,Shasta_2009_11.tif
0.055584043,0.09858013,0.07453238,0.13891317,0.07623219,0,Shasta_2009_11.tif
0.06385587,0.12492492,0.08109614,0.21273826,0.08995899,0,Shasta_2009_11.tif
0.08019779,0.15889962,0.10151671,0.2203498,0.113538034,0,Shasta_2009_11.tif
0.10491241,0.12924373,0.1250976,0.016301371,0.119751245,0,Shasta_2009_11.tif
0.088974,0.11268827,0.10394773,0.0403465,0.10187,0,Shasta_2009_11.tif
0.060829595,0.09238983,0.061647978,0.19957213,0.07162247,0,Shasta_2009_11.tif
0.04206666,0.08332031,0.07720651,0.038085643,0.06753116,0,Shasta_2009_11.tif
0.0914959,0.13874514,0.07817891,0.27920347,0.10280665,0,Shasta_2009_11.tif
0.24089326,0.26687005,0.25005203,0.03253485,0.2526051,0,Shasta_2009_11.tif
0.1537364,0.18927531,0.15815948,0.089558505,0.16705705,0,Shasta_2009_11.tif
0.12498673,0.16465804,0.14016992,0.08033397,0.14327157,0,Shasta_2009_11.tif
0.24149852,0.34691215,0.26220712,0.13906124,0.28353927,0,Shasta_2009_11.tif
0.17855188,0.28414533,0.21601775,0.13621044,0.22623833,0,Shasta_2009_11.tif
0.18238518,0.21245296,0.20556436,0.016479177,0.20013416,0,Shasta_2009_11.tif
0.22767851,0.25477737,0.22890216,0.053496487,0.23711936,0,Shasta_2009_11.tif
0.26823065,0.28587288,0.23911244,0.08906982,0.26440534,0,Shasta_2009_11.tif
0.30858105,0.32215095,0.28967765,0.05307572,0.3068032,0,Shasta_2009_11.tif
0.22525747,0.26399085,0.22015049,0.09055263,0.23646627,0,Shasta_2009_11.tif
0.20518476,0.30021954,0.13401827,0.3827416,0.21314085,0,Shasta_2003_01.tif
0.15615389,0.20808415,0.11635096,0.28274652,0.16019633,0,Shasta_2003_01.tif
0.13879368,0.19540498,0.1263089,0.21477425,0.15350251,0,Shasta_2003_01.tif
0.21644543,0.27880582,0.18380798,0.20534974,0.2263531,0,Shasta_2003_01.tif
0.27251422,0.3675601,0.23199157,0.22611609,0.29068863,0,Shasta_2003_01.tif
0.21292648,0.29373908,0.15554027,0.30760035,0.22073527,0,Shasta_2003_01.tif
0.2659455,0.32614145,0.18188064,0.28396508,0.2579892,0,Shasta_2003_01.tif
0.23028669,0.2866951,0.16517699,0.26892087,0.22738625,0,Shasta_2003_01.tif
0.29914102,0.37206826,0.2729476,0.15367141,0.31471896,0,Shasta_2003_01.tif
0.2647725,0.34417406,0.23986155,0.17860611,0.28293607,0,Shasta_2003_01.tif
0.21597624,0.28162342,0.14333376,0.32541946,0.21364446,0,Shasta_2003_01.tif
0.24940637,0.2992334,0.2069361,0.18234429,0.25185862,0,Shasta_2003_01.tif
0.31591475,0.3334672,0.21175446,0.22323492,0.28704545,0,Shasta_2003_01.tif
0.3389053,0.41940388,0.32418284,0.12805623,0.36083066,0,Shasta_2003_01.tif
0.38488638,0.38488832,0.2833874,0.15188457,0.35105404,0,Shasta_2003_01.tif
0.15404251,0.19653201,0.14943703,0.13612446,0.16667052,0,Shasta_2003_01.tif
0.20342527,0.23964123,0.19938734,0.09168834,0.21415128,0,Shasta_2003_01.tif
0.22817531,0.27373415,0.168068,0.2391702,0.2233258,0,Shasta_2003_01.tif
0.25796917,0.2907806,0.24162829,0.092320435,0.26345935,0,Shasta_2003_01.tif
0.22442174,0.23795067,0.2339189,0.008544212,0.2320971,0,Shasta_2003_01.tif
0.39157242,0.4570188,0.3251465,0.1685988,0.39124593,0,Shasta_2003_01.tif
0.52670056,0.5204147,0.37381193,0.16394345,0.47364244,0,Shasta_2003_01.tif
0.5159091,0.48477212,0.36048114,0.14704567,0.45372078,0,Shasta_2003_01.tif
0.3102844,0.350091,0.2711809,0.12701361,0.31051877,0,Shasta_2003_01.tif
0.17562547,0.21386023,0.20549059,0.019958515,0.19832544,0,Shasta_2003_01.tif
0.12900695,0.16574508,0.08011643,0.3482786,0.12495615,0,Shasta_2012_09.tif
0.08495052,0.1148911,0.04587874,0.4292592,0.08190679,0,Shasta_2012_09.tif
0.07944347,0.09967203,0.021966696,0.63881546,0.0670274,0,Shasta_2012_09.tif
0.055317324,0.064408325,0.030118529,0.36274806,0.049948063,0,Shasta_2012_09.tif
0.07078952,0.07628662,0.021966696,0.5528503,0.056347612,0,Shasta_2012_09.tif
0.23731235,0.35171473,0.16897139,0.3509657,0.25266615,0,Shasta_2012_09.tif
0.23888579,0.36619142,0.18581851,0.32675603,0.2636319,0,Shasta_2012_09.tif
0.16939202,0.2860129,0.1366358,0.35343003,0.19734688,0,Shasta_2012_09.tif
0.11799285,0.15646516,0.07739915,0.33808354,0.11728572,0,Shasta_2012_09.tif
0.114190355,0.18430492,0.10076774,0.29303718,0.13308768,0,Shasta_2012_09.tif
0.27481276,0.367305,0.1681562,0.37191945,0.27009133,0,Shasta_2012_09.tif
0.26117626,0.36433542,0.1621782,0.38395363,0.26256332,0,Shasta_2012_09.tif
0.2782219,0.33352607,0.18609025,0.28373924,0.26594606,0,Shasta_2012_09.tif
0.26196298,0.28341448,0.12033214,0.4039215,0.2219032,0,Shasta_2012_09.tif
0.15890239,0.26875222,0.13745098,0.32323948,0.18836854,0,Shasta_2012_09.tif
0.21030156,0.33501086,0.15755883,0.36025697,0.23429042,0,Shasta_2012_09.tif
0.19863185,0.32071978,0.16516721,0.32014078,0.22817294,0,Shasta_2012_09.tif
0.21607086,0.29120964,0.13228816,0.3752584,0.21318956,0,Shasta_2012_09.tif
0.14657708,0.22587897,0.1170714,0.3172682,0.16317582,0,Shasta_2012_09.tif
0.16624513,0.27339217,0.1366358,0.33352855,0.19209103,0,Shasta_2012_09.tif
0.2234136,0.27005142,0.16000438,0.25588953,0.21782313,0,Shasta_2012_09.tif
0.15103517,0.22439419,0.11353894,0.328038,0.16298944,0,Shasta_2012_09.tif
0.17503019,0.21659905,0.11353894,0.31217185,0.1683894,0,Shasta_2012_09.tif
0.14290571,0.21845503,0.14913528,0.18857832,0.17016535,0,Shasta_2012_09.tif
0.1853887,0.24035566,0.16000438,0.20069703,0.19524957,0,Shasta_2012_09.tif
0.02667886,0.054576073,0.03252724,0.25313133,0.037927393,0,Shasta_2015_11.tif
0.040460262,0.07706885,0.047066826,0.24168542,0.05486531,0,Shasta_2015_11.tif
0.033016294,0.07251509,0.044567835,0.23869425,0.050033074,0,Shasta_2015_11.tif
0.15714952,0.24445374,0.19632474,0.109190665,0.19930935,0,Shasta_2015_11.tif
0.13099504,0.21933912,0.15815833,0.16206898,0.16949749,0,Shasta_2015_11.tif
0.044886407,0.08824624,0.05910742,0.19774619,0.06408002,0,Shasta_2015_11.tif
0.037040062,0.068099335,0.039569855,0.26497102,0.04823642,0,Shasta_2015_11.tif
0.04609354,0.076654874,0.066831574,0.068461046,0.06319333,0,Shasta_2015_11.tif
0.2474831,0.33759868,0.3210471,0.025129683,0.30204296,0,Shasta_2015_11.tif
0.2302815,0.3207636,0.2981018,0.036618203,0.28304896,0,Shasta_2015_11.tif
0.17394875,0.25342324,0.23176497,0.044638813,0.21971232,0,Shasta_2015_11.tif
0.16640419,0.25356126,0.22358645,0.06282067,0.2145173,0,Shasta_2015_11.tif
0.16741014,0.2674985,0.22813007,0.07943114,0.2210129,0,Shasta_2015_11.tif
0.17052855,0.24445374,0.20904687,0.07807441,0.20800972,0,Shasta_2015_11.tif
0.17022677,0.24307382,0.20359454,0.088385925,0.20563172,0,Shasta_2015_11.tif
0.21780781,0.29178518,0.27038574,0.038065646,0.25999293,0,Shasta_2015_11.tif
0.17435113,0.27191424,0.24539584,0.051262006,0.23055375,0,Shasta_2015_11.tif
0.17746955,0.2654286,0.21200022,0.11190834,0.21829946,0,Shasta_2015_11.tif
0.1973872,0.28046978,0.24539584,0.0666974,0.24108428,0,Shasta_2015_11.tif
0.11972848,0.17683743,0.12317246,0.17887671,0.1399128,0,Shasta_2015_11.tif
0.06782188,0.119984515,0.086369134,0.16290101,0.09139184,0,Shasta_2015_11.tif
0.029897874,0.0705832,0.03888831,0.28952375,0.04645646,0,Shasta_2015_11.tif
0.022051526,0.060095772,0.016851755,0.5619863,0.032999683,0,Shasta_2015_11.tif
0.22885893,0.23710571,0.20310554,0.07723586,0.2230234,0,Shasta_2000_11.tif
0.25978592,0.2919664,0.22622031,0.126877,0.2593242,0,Shasta_2000_11.tif
0.32841438,0.3592565,0.2769444,0.12938048,0.32153842,0,Shasta_2000_11.tif
0.61765534,0.7788552,1.0,-0.12431854,0.7988369,0,Shasta_2000_11.tif
0.90586543,1.0,1.0,0.0,0.9686218,0,Shasta_2000_11.tif
0.28276026,0.3553991,0.23906185,0.19570176,0.29240707,0,Shasta_2000_11.tif
0.3864393,0.5300533,0.5183654,0.0111481445,0.47828603,0,Shasta_2000_11.tif
0.26538223,0.32496858,0.2210837,0.19024678,0.27047816,0,Shasta_2000_11.tif
0.26538223,0.3155394,0.26667118,0.083935484,0.28253093,0,Shasta_2000_11.tif
0.38202116,0.41711742,0.36555102,0.065885276,0.38822988,0,Shasta_2000_11.tif
0.4795148,0.5495546,0.43682158,0.11428996,0.48863032,0,Shasta_2000_11.tif
0.35580686,0.5066947,0.37454012,0.14996503,0.4123472,0,Shasta_2000_11.tif
0.34461424,0.4162602,0.3578461,0.07545995,0.37290683,0,Shasta_2000_11.tif
0.349916,0.44497636,0.34243625,0.13022393,0.37910953,0,Shasta_2000_11.tif
0.29896012,0.39097285,0.24805093,0.22365631,0.3126613,0,Shasta_2000_11.tif
0.4245826,0.54441136,0.66154855,-0.09713183,0.5435142,0,Shasta_2000_11.tif
0.32119808,0.37597188,0.44516858,-0.08426891,0.3807795,0,Shasta_2000_11.tif
0.3369561,0.4188318,0.36876142,0.06357382,0.3748498,0,Shasta_2000_11.tif
0.39321378,0.4188318,0.3469308,0.093894504,0.38632545,0,Shasta_2000_11.tif
0.38909018,0.46426332,0.2968488,0.21996011,0.38340077,0,Shasta_2000_11.tif
0.3010219,0.38882986,0.5042397,-0.12922812,0.3980305,0,Shasta_2000_11.tif
0.26066956,0.28768042,0.3019854,-0.024259454,0.28344512,0,Shasta_2000_11.tif
0.30013826,0.34939873,0.31996357,0.043974858,0.32316685,0,Shasta_2000_11.tif
0.32458532,0.40683103,0.31996357,0.119521156,0.35045996,0,Shasta_2000_11.tif
0.33165434,0.35882792,0.31418487,0.066333026,0.33488905,0,Shasta_2000_11.tif
0.29893643,0.39663503,0.84952044,-0.36342582,0.5150306,0,Shasta_2013_01.tif
0.18863614,0.23364595,0.2330356,0.0013078516,0.21843922,0,Shasta_2013_01.tif
0.41352618,0.3833767,0.3448008,0.052975867,0.38056788,0,Shasta_2013_01.tif
0.63106287,0.5161368,0.55494124,-0.03622927,0.5673803,0,Shasta_2013_01.tif
0.20885786,0.16753106,0.19204591,-0.06817674,0.18947828,0,Shasta_2013_01.tif
0.61084116,0.64942724,0.38223806,0.258988,0.54750216,0,Shasta_2013_01.tif
1.0,1.0,0.75169176,0.1417533,0.9172306,0,Shasta_2013_01.tif
1.0,1.0,1.0,0.0,1.0,0,Shasta_2013_01.tif
1.0,1.0,1.0,0.0,1.0,0,Shasta_2013_01.tif
0.759287,0.82249266,1.0,-0.097398065,0.86059314,0,Shasta_2013_01.tif
1.0,0.8555501,0.7530581,0.06371469,0.8695361,0,Shasta_2013_01.tif
0.89425164,0.9050479,0.9593728,-0.029137682,0.9195574,0,Shasta_2013_01.tif
0.9285673,0.91530097,0.99981594,-0.04413043,0.94789475,0,Shasta_2013_01.tif
0.9549168,0.78802097,0.67517763,0.077120945,0.80603844,0,Shasta_2013_01.tif
0.55722296,0.55361366,0.5746163,-0.01861556,0.56181765,0,Shasta_2013_01.tif
0.09855757,0.08762751,0.093670666,-0.033332523,0.09328524,0,Shasta_2013_01.tif
0.06362914,0.08020284,0.07563521,0.029309925,0.07315573,0,Shasta_2013_01.tif
0.039424356,0.057221733,0.057053216,0.0014746519,0.0512331,0,Shasta_2013_01.tif
0.021040976,0.046615068,0.06142545,-0.13708048,0.043027163,0,Shasta_2013_01.tif
0.17546138,0.22975683,0.21554667,0.031911116,0.20692162,0,Shasta_2013_01.tif
0.041875474,0.063585736,0.053774044,0.083602816,0.053078417,0,Shasta_2013_01.tif
0.11510262,0.09399151,0.14668399,-0.21893488,0.11859271,0,Shasta_2013_01.tif
0.13440517,0.14596418,0.124822825,0.078073435,0.13506405,0,Shasta_2013_01.tif
0.18955532,0.17071305,0.17018475,0.0015497437,0.1768177,0,Shasta_2013_01.tif
0.15217577,0.14525706,0.14176524,0.012165628,0.14639936,0,Shasta_2013_01.tif
0.17820422,0.22110201,0.22423084,-0.0070257997,0.20784569,0,Shasta_2013_12.tif
0.4769868,0.47408956,0.4567336,0.018645786,0.46927,0,Shasta_2013_12.tif
0.5086185,0.49334684,0.4783039,0.015481814,0.49342307,0,Shasta_2013_12.tif
0.18040699,0.20700519,0.20307536,0.009583029,0.19682918,0,Shasta_2013_12.tif
0.18102376,0.2239969,0.21240866,0.02655375,0.20580977,0,Shasta_2013_12.tif
0.5059751,0.576795,0.5411481,0.031886082,0.5413061,0,Shasta_2013_12.tif
0.7519796,0.7400412,0.6796957,0.042504657,0.7239055,0,Shasta_2013_12.tif
1.0,0.9572832,0.85101354,0.05876779,0.9360989,0,Shasta_2013_12.tif
0.88167816,0.76143813,0.6886142,0.050221566,0.77724344,0,Shasta_2013_12.tif
0.7252821,0.6466497,0.5726739,0.06066949,0.6482019,0,Shasta_2013_12.tif
1.0,1.0,0.94310206,0.029281996,0.98103404,0,Shasta_2013_12.tif
1.0,1.0,1.0,0.0,1.0,0,Shasta_2013_12.tif
1.0,1.0,0.8997541,0.052767802,0.9665847,0,Shasta_2013_12.tif
1.0,1.0,0.8997541,0.052767802,0.9665847,0,Shasta_2013_12.tif
1.0,1.0,0.9576205,0.021648465,0.9858735,0,Shasta_2013_12.tif
1.0,1.0,0.83794695,0.08817065,0.9459823,0,Shasta_2013_12.tif
1.0,1.0,0.96529454,0.017659156,0.9884315,0,Shasta_2013_12.tif
1.0,0.9905114,0.8937393,0.051358394,0.9614169,0,Shasta_2013_12.tif
1.0,0.97666633,0.8937393,0.044336375,0.9568019,0,Shasta_2013_12.tif
0.9433555,0.8515571,0.76348794,0.054530423,0.8528002,0,Shasta_2013_12.tif
0.49355158,0.526575,0.48224464,0.043942783,0.5007904,0,Shasta_2013_12.tif
0.9474967,0.87824035,0.8381543,0.023354774,0.8879638,0,Shasta_2013_12.tif
0.6863373,0.69926107,0.6724365,0.019555751,0.6860116,0,Shasta_2013_12.tif
0.6134699,0.6346926,0.61187375,0.018305361,0.62001204,0,Shasta_2013_12.tif
0.29283595,0.4109056,0.41545972,-0.0055110212,0.3730671,0,Shasta_2013_12.tif
0.3550505,0.3952444,0.37855843,0.021563556,0.37628445,1,Shasta_2025_07.tif
0.9454991,1.0,0.9559247,0.022534246,0.96714133,1,Shasta_2025_07.tif
0.45174417,0.38209978,0.31589305,0.09485288,0.38324568,1,Shasta_2025_07.tif
0.5322733,0.5330195,0.5229,0.00958358,0.52939755,1,Shasta_2025_07.tif
0.30802622,0.5062434,0.6475266,-0.122453436,0.48726538,1,Shasta_2025_07.tif
0.7062631,0.70097846,0.58415717,0.090901844,0.6637996,1,Shasta_2025_07.tif
0.44851127,0.6391501,0.79046,-0.105839916,0.6260404,1,Shasta_2025_07.tif
0.5590183,0.73846495,0.8418597,-0.06542623,0.7131143,1,Shasta_2025_07.tif
0.77533,0.8557928,0.78271484,0.0446003,0.8046126,1,Shasta_2025_07.tif
0.15137659,0.36944202,0.5186754,-0.16803318,0.346498,1,Shasta_2025_07.tif
0.14461686,0.3577579,0.46516338,-0.13051717,0.32251272,1,Shasta_2025_07.tif
0.06585119,0.25649568,0.21872653,0.079476655,0.18035781,1,Shasta_2025_07.tif
0.06467558,0.25260097,0.21520601,0.07993654,0.17749418,1,Shasta_2025_07.tif
0.07202312,0.24724576,0.22295117,0.051668845,0.18074001,1,Shasta_2025_07.tif
0.072904825,0.23702216,0.21731833,0.043367896,0.17574842,1,Shasta_2025_07.tif
0.13903272,0.26769295,0.348986,-0.13182372,0.2519039,1,Shasta_2025_07.tif
0.06467558,0.23118012,0.21591012,0.03415409,0.17058861,1,Shasta_2025_07.tif
0.068790205,0.22533806,0.21661422,0.01973928,0.1702475,1,Shasta_2025_07.tif
0.07172922,0.2102461,0.21943064,-0.021375412,0.16713531,1,Shasta_2025_07.tif
0.07025971,0.19515413,0.20886905,-0.033945803,0.1580943,1,Shasta_2025_07.tif
0.094653554,0.17373328,0.23069632,-0.14084749,0.16636105,1,Shasta_2025_07.tif
0.06467558,0.14987823,0.2130937,-0.17416027,0.14254917,1,Shasta_2025_07.tif
0.071141414,0.14500985,0.22083884,-0.20726818,0.14566337,1,Shasta_2025_07.tif
0.07143532,0.14111514,0.22013475,-0.21873884,0.1442284,1,Shasta_2025_07.tif
0.070553616,0.14793088,0.20605265,-0.16419296,0.14151238,1,Shasta_2025_07.tif
0.33686486,0.36672506,0.31975052,0.068428464,0.34111348,1,Shasta_2023_06.tif
0.33102626,0.36943895,0.2699723,0.15555951,0.32347915,1,Shasta_2023_06.tif
0.44195986,0.5876354,0.5307508,0.05086305,0.5201154,1,Shasta_2023_06.tif
0.33343038,0.4752805,0.47057116,0.0049789287,0.42642736,1,Shasta_2023_06.tif
0.05317707,0.18055248,0.32866603,-0.29086384,0.18746519,1,Shasta_2023_06.tif
0.32673317,0.36482534,0.32086498,0.06411101,0.3374745,1,Shasta_2023_06.tif
0.42152473,0.448413,0.39330345,0.06547275,0.42108038,1,Shasta_2023_06.tif
0.54911554,0.6180309,0.68974394,-0.05483588,0.6189634,1,Shasta_2023_06.tif
0.122553505,0.28639403,0.36135623,-0.11572683,0.25676793,1,Shasta_2023_06.tif
0.078248754,0.21854688,0.3041484,-0.16376914,0.20031469,1,Shasta_2023_06.tif
0.1606762,0.36075452,0.43565208,-0.094044246,0.3190276,1,Shasta_2023_06.tif
0.35644138,0.554526,0.5589832,-0.004002869,0.48998353,1,Shasta_2023_06.tif
0.31299525,0.48016548,0.45794085,0.02369093,0.41703382,1,Shasta_2023_06.tif
0.14281692,0.34067175,0.3164072,0.036927838,0.26663196,1,Shasta_2023_06.tif
0.111219734,0.320589,0.36061326,-0.058755223,0.2641407,1,Shasta_2023_06.tif
0.14504933,0.30674818,0.28483146,0.03704772,0.245543,1,Shasta_2023_06.tif
0.105896294,0.25057074,0.27443004,-0.045446113,0.21029903,1,Shasta_2023_06.tif
0.090956315,0.22831687,0.33683857,-0.19202062,0.21870393,1,Shasta_2023_06.tif
0.089410804,0.24785686,0.3275516,-0.13850093,0.22160642,1,Shasta_2023_06.tif
0.074814275,0.22098938,0.2699723,-0.09976913,0.18859197,1,Shasta_2023_06.tif
0.13131142,0.30783373,0.40816262,-0.14012466,0.28243592,1,Shasta_2023_06.tif
0.12993763,0.3018632,0.34092486,-0.060769025,0.25757524,1,Shasta_2023_06.tif
0.08666322,0.22614576,0.30526283,-0.14888152,0.20602393,1,Shasta_2023_06.tif
0.066914976,0.19547886,0.24582614,-0.114087015,0.16940665,1,Shasta_2023_06.tif
0.096966654,0.20497745,0.3026625,-0.1924294,0.20153554,1,Shasta_2023_06.tif
0.14853817,0.21137995,0.13484652,0.22104953,0.16492154,0,Shasta_2007_09.tif
0.12811679,0.18756822,0.13061525,0.17899354,0.14876676,0,Shasta_2007_09.tif
0.09748469,0.1534231,0.08830254,0.26939756,0.11307011,0,Shasta_2007_09.tif
0.079105444,0.14323947,0.11274989,0.11910439,0.11169827,0,Shasta_2007_09.tif
0.35030153,0.3819558,0.38261098,-0.0008569211,0.37162277,0,Shasta_2007_09.tif
0.10453007,0.12841329,0.085481696,0.20071247,0.10614169,0,Shasta_2007_09.tif
0.13036314,0.19116244,0.15247683,0.11257588,0.1580008,0,Shasta_2007_09.tif
0.10728696,0.16989662,0.096765086,0.27424732,0.124649554,0,Shasta_2007_09.tif
0.043265898,0.070606194,0.035881788,0.3260845,0.049917962,0,Shasta_2007_09.tif
0.03479102,0.07375114,0.0582135,0.11774003,0.05558522,0,Shasta_2007_09.tif
0.080739155,0.10430204,0.0934741,0.054748207,0.09283843,0,Shasta_2007_09.tif
0.10524482,0.14428778,0.11651102,0.106506065,0.122014545,0,Shasta_2007_09.tif
0.04551225,0.07360138,0.034706432,0.35911158,0.051273357,0,Shasta_2007_09.tif
0.028256174,0.043349996,0.032120656,0.14878884,0.03457561,0,Shasta_2007_09.tif
0.017432837,0.036461066,0.007438239,0.66110766,0.020444049,0,Shasta_2007_09.tif
0.08094337,0.13665006,0.09018311,0.20484985,0.10259218,0,Shasta_2007_09.tif
0.06450415,0.09621503,0.071377456,0.14820132,0.07736555,0,Shasta_2007_09.tif
0.068894744,0.11119097,0.075138584,0.19348617,0.08507476,0,Shasta_2007_09.tif
0.055212412,0.07255306,0.057273217,0.11769364,0.06167956,0,Shasta_2007_09.tif
0.04295958,0.073451616,0.045989826,0.22991651,0.054133672,0,Shasta_2007_09.tif
0.044082753,0.059224483,0.0445794,0.14108276,0.049295545,0,Shasta_2007_09.tif
0.052047096,0.085432366,0.059623923,0.17791896,0.06570113,0,Shasta_2007_09.tif
0.07879912,0.12182388,0.08336606,0.18742454,0.094663024,0,Shasta_2007_09.tif
0.07001792,0.105200596,0.07678408,0.15614699,0.08400086,0,Shasta_2007_09.tif
0.054701876,0.090074904,0.08007507,0.05877036,0.07495062,0,Shasta_2007_09.tif
0.27682137,0.32840008,0.25115782,0.13327765,0.28545976,0,Shasta_2017_02.tif
0.2424273,0.3155747,0.21704058,0.1850002,0.25834754,0,Shasta_2017_02.tif
0.1363444,0.18518339,0.13990594,0.1392765,0.15381125,0,Shasta_2017_02.tif
0.122669645,0.18689343,0.1057887,0.27710763,0.1384506,0,Shasta_2017_02.tif
0.15727091,0.24695896,0.15103114,0.24103005,0.18508701,0,Shasta_2017_02.tif
0.27847892,0.40877244,0.2752624,0.19517991,0.32083791,0,Shasta_2017_02.tif
0.2150778,0.32519373,0.18737341,0.26888192,0.24254833,0,Shasta_2017_02.tif
0.21735694,0.2715409,0.17439403,0.2178494,0.22109729,0,Shasta_2017_02.tif
0.14587529,0.23220977,0.14287266,0.2381793,0.17365257,0,Shasta_2017_02.tif
0.12577754,0.16573156,0.1057887,0.22076674,0.1324326,0,Shasta_2017_02.tif
0.2888386,0.35939476,0.31679642,0.06299738,0.3216766,0,Shasta_2017_02.tif
0.21756412,0.32155988,0.20369035,0.224406,0.24760477,0,Shasta_2017_02.tif
0.21549219,0.30552816,0.19738609,0.21503042,0.23946881,0,Shasta_2017_02.tif
0.1728104,0.2715409,0.17624822,0.21280658,0.2068665,0,Shasta_2017_02.tif
0.07957346,0.119346455,0.08057161,0.19395274,0.09316384,0,Shasta_2017_02.tif
0.148776,0.16423528,0.1384226,0.085286394,0.15047796,0,Shasta_2017_02.tif
0.22357273,0.2839388,0.19886944,0.17619662,0.23546033,0,Shasta_2017_02.tif
0.19767357,0.27581605,0.17216899,0.23136225,0.21521954,0,Shasta_2017_02.tif
0.15499179,0.18689343,0.13545588,0.15957037,0.1591137,0,Shasta_2017_02.tif
0.12639913,0.18860349,0.14361434,0.13542025,0.15287231,0,Shasta_2017_02.tif
0.08993312,0.11207875,0.0701881,0.22983018,0.09073332,0,Shasta_2017_02.tif
0.23206764,0.23263729,0.19256517,0.09424221,0.21909003,0,Shasta_2017_02.tif
0.3431232,0.35789844,0.29343355,0.09897379,0.33148506,0,Shasta_2017_02.tif
0.36881515,0.3835492,0.36834314,0.020223705,0.37356916,0,Shasta_2017_02.tif
0.17571111,0.21425425,0.17847326,0.091108695,0.18947953,0,Shasta_2017_02.tif
0.32208112,0.32689333,0.35889184,-0.046659607,0.3359554,0,Shasta_2008_11.tif
0.23006073,0.2633468,0.27254328,-0.017161116,0.25531694,0,Shasta_2008_11.tif
0.23358344,0.2805146,0.34457165,-0.10247698,0.28622323,0,Shasta_2008_11.tif
0.1751578,0.21876174,0.27852783,-0.12018342,0.22414912,0,Shasta_2008_11.tif
0.1576301,0.21466197,0.2344986,-0.044163693,0.20226355,0,Shasta_2008_11.tif
0.060540423,0.06373897,0.11779979,-0.2977905,0.08069306,0,Shasta_2008_11.tif
0.14336737,0.14624695,0.23599474,-0.23479266,0.17520303,0,Shasta_2008_11.tif
0.09748606,0.1322821,0.17401186,-0.13624044,0.13459334,0,Shasta_2008_11.tif
0.09164349,0.120239004,0.15584446,-0.12896581,0.12257565,0,Shasta_2008_11.tif
0.12661296,0.17545786,0.22231576,-0.1178001,0.17479552,0,Shasta_2008_11.tif
0.08373884,0.1329227,0.15712686,-0.08344809,0.12459613,0,Shasta_2008_11.tif
0.0540105,0.10089319,0.13062383,-0.1284161,0.09517584,0,Shasta_2008_11.tif
0.06371947,0.10063695,0.15691313,-0.2185049,0.107089855,0,Shasta_2008_11.tif
0.06818731,0.09589659,0.14836377,-0.21479936,0.10414922,0,Shasta_2008_11.tif
0.15840338,0.19057578,0.30780938,-0.23522644,0.21892951,0,Shasta_2008_11.tif
0.06560971,0.10909274,0.07868645,0.1619249,0.08446296,0,Shasta_2008_11.tif
0.05340906,0.08961881,0.09706759,-0.039899737,0.08003182,0,Shasta_2008_11.tif
0.06578155,0.11114263,0.08125126,0.15536465,0.086058475,0,Shasta_2008_11.tif
0.11870831,0.19108826,0.21291146,-0.05401772,0.17423601,0,Shasta_2008_11.tif
0.20737782,0.28282073,0.26121536,0.03971305,0.25047132,0,Shasta_2008_11.tif
0.17060404,0.22773,0.21718614,0.023698498,0.20517339,0,Shasta_2008_11.tif
0.22688168,0.30088538,0.27788663,0.03973708,0.26855123,0,Shasta_2008_11.tif
0.2299748,0.30370396,0.2902832,0.022594323,0.274654,0,Shasta_2008_11.tif
0.2183756,0.27308378,0.30310723,-0.052106682,0.26485553,0,Shasta_2008_11.tif
0.29441485,0.33342734,0.3736395,-0.056871705,0.33382723,0,Shasta_2008_11.tif
0.06979477,0.05046908,0.07854005,-0.21758732,0.06626797,0,Shasta_1985_05.tif
0.08664545,0.08568147,0.09023205,-0.025868153,0.08751965,0,Shasta_1985_05.tif
0.08879008,0.053770244,0.10158017,-0.3077534,0.081380166,0,Shasta_1985_05.tif
0.1013515,0.075777985,0.091607586,-0.09456912,0.08957902,0,Shasta_1985_05.tif
0.093692094,0.08105984,0.07647675,0.029092044,0.083742894,0,Shasta_1985_05.tif
0.07285853,0.033082966,0.06272145,-0.30936128,0.056220982,0,Shasta_1985_05.tif
0.10364932,0.069835894,0.13115408,-0.3050793,0.10154643,0,Shasta_1985_05.tif
0.08909646,0.059492256,0.085761584,-0.18084994,0.07811677,0,Shasta_1985_05.tif
0.10349613,0.08876255,0.09367088,-0.02690463,0.09530985,0,Shasta_1985_05.tif
0.04543787,0.032422733,0.04655898,-0.17897901,0.041473195,0,Shasta_1985_05.tif
0.22267641,0.2540407,0.23603822,0.03673373,0.23758511,0,Shasta_1985_05.tif
0.23355275,0.26614496,0.2522007,0.026901433,0.2506328,0,Shasta_1985_05.tif
0.21088094,0.24215652,0.20887151,0.07379792,0.22063632,0,Shasta_1985_05.tif
0.1486866,0.1594074,0.13528065,0.0818719,0.14779155,0,Shasta_1985_05.tif
0.082815744,0.06961582,0.0520611,0.14427201,0.06816422,0,Shasta_1985_05.tif
0.19295794,0.20606382,0.20096222,0.012533826,0.19999467,0,Shasta_1985_05.tif
0.15312904,0.18801747,0.14112666,0.14246242,0.16075772,0,Shasta_1985_05.tif
0.15144397,0.16028772,0.15350643,0.021610579,0.15507936,0,Shasta_1985_05.tif
0.20337471,0.20672405,0.15935244,0.12940323,0.18981707,0,Shasta_1985_05.tif
0.1293849,0.13739966,0.09367088,0.18924345,0.12015182,0,Shasta_1985_05.tif
0.088483706,0.09668534,0.09057593,0.032624878,0.09191499,0,Shasta_1985_05.tif
0.0693352,0.06433396,0.04827839,0.14257252,0.060649186,0,Shasta_1985_05.tif
0.08434763,0.102627434,0.061345927,0.25175586,0.08277366,0,Shasta_1985_05.tif
0.08159024,0.06345365,0.04208851,0.2024304,0.062377468,0,Shasta_1985_05.tif
0.043293238,0.0,0.020767795,-0.99995184,0.021353677,0,Shasta_1985_05.tif
0.23827837,0.56762034,0.4585683,0.1062689,0.421489,0,Shasta_2017_05.tif
0.2437444,0.653721,0.63262236,0.016401995,0.51002926,0,Shasta_2017_05.tif
0.017360045,0.715405,0.48883858,0.18813987,0.4072012,0,Shasta_2017_05.tif
0.21345353,0.63926375,0.6364062,0.0022400494,0.4963745,0,Shasta_2017_05.tif
0.24898267,0.6906671,0.6652575,0.018739656,0.5349691,0,Shasta_2017_05.tif
0.272441,0.608743,0.48694667,0.11115943,0.45604357,0,Shasta_2017_05.tif
0.3189022,0.6736398,0.6524873,0.01595057,0.5483431,0,Shasta_2017_05.tif
0.19158946,0.6199875,0.5664062,0.04516313,0.45932773,0,Shasta_2017_05.tif
0.20274925,0.64151263,0.5096494,0.11454784,0.45130375,0,Shasta_2017_05.tif
0.22894059,0.40184447,0.49167642,-0.10053693,0.37415382,0,Shasta_2017_05.tif
0.27562952,0.6267342,0.516271,0.09664271,0.47287822,0,Shasta_2017_05.tif
0.27426302,0.7031967,0.50681156,0.16230054,0.4947571,0,Shasta_2017_05.tif
0.36126384,0.71797514,0.47464937,0.2040253,0.5179628,0,Shasta_2017_05.tif
0.38085043,0.7976504,0.5105953,0.2194197,0.56303203,0,Shasta_2017_05.tif
0.5216004,0.6222364,0.6288386,-0.0052772397,0.59089184,0,Shasta_2017_05.tif
0.2646975,0.6652867,0.5181629,0.12431767,0.4827157,0,Shasta_2017_05.tif
0.24283339,0.7719487,0.51910883,0.1958392,0.511297,0,Shasta_2017_05.tif
0.35670882,0.91780573,0.46140614,0.3309131,0.5786402,0,Shasta_2017_05.tif
0.2993156,0.6479381,0.517217,0.11219192,0.48815688,0,Shasta_2017_05.tif
0.38176143,0.6993414,0.7064062,-0.005025621,0.59583634,0,Shasta_2017_05.tif
0.25832045,0.68906075,0.48032507,0.17850012,0.47590208,0,Shasta_2017_05.tif
0.25923145,0.8439134,0.49829805,0.25749674,0.5338143,0,Shasta_2017_05.tif
0.26241997,0.8207819,0.5247845,0.21997961,0.5359954,0,Shasta_2017_05.tif
0.6896806,0.8207819,0.8378927,-0.010315957,0.7827851,0,Shasta_2017_05.tif
0.36672986,0.8664024,0.7357305,0.08156113,0.6562876,0,Shasta_2017_05.tif
0.13019958,0.20542057,0.12412643,0.24668376,0.15324886,0,Shasta_2006_04.tif
0.06653906,0.11810318,0.07370122,0.23149484,0.08611449,0,Shasta_2006_04.tif
0.10946803,0.107992746,0.11939906,-0.050161295,0.112286605,0,Shasta_2006_04.tif
0.13920419,0.11473303,0.14461167,-0.11520776,0.13284963,0,Shasta_2006_04.tif
0.15951693,0.14506434,0.18715794,-0.12670276,0.16391307,0,Shasta_2006_04.tif
0.17731674,0.2127736,0.17691532,0.09201749,0.18900187,0,Shasta_2006_04.tif
0.06046618,0.043959998,0.057155445,-0.13049755,0.05386054,0,Shasta_2006_04.tif
0.08287301,0.07888695,0.08709542,-0.04945356,0.08295179,0,Shasta_2006_04.tif
0.10737393,0.12882636,0.110732235,0.075530805,0.11564418,0,Shasta_2006_04.tif
0.16977799,0.19285911,0.1851882,0.020290816,0.18260844,0,Shasta_2006_04.tif
0.13962302,0.2115481,0.18637004,0.06327431,0.17918038,0,Shasta_2006_04.tif
0.2790898,0.32980955,0.35576722,-0.037862476,0.32155553,0,Shasta_2006_04.tif
0.3119671,0.38373187,0.34040332,0.059834816,0.34536743,0,Shasta_2006_04.tif
0.15051231,0.21338636,0.17612742,0.09565474,0.1800087,0,Shasta_2006_04.tif
0.15763223,0.2262542,0.16509691,0.15627177,0.18299444,0,Shasta_2006_04.tif
0.18108611,0.2590365,0.22418895,0.07211434,0.2214372,0,Shasta_2006_04.tif
0.2700852,0.33103505,0.32070595,0.015848445,0.3072754,0,Shasta_2006_04.tif
0.18443666,0.22901158,0.23128,-0.0049282103,0.21490942,0,Shasta_2006_04.tif
0.15721342,0.19193998,0.13436905,0.17643017,0.16117415,0,Shasta_2006_04.tif
0.15763223,0.23360723,0.19582477,0.0879822,0.19568808,0,Shasta_2006_04.tif
0.054183893,0.051006664,0.056367554,-0.0499267,0.053852707,0,Shasta_2006_04.tif
0.19658242,0.19408463,0.27225047,-0.16761696,0.22097252,0,Shasta_2006_04.tif
0.23197265,0.3475794,0.327797,0.029290872,0.30244967,0,Shasta_2006_04.tif
0.23134442,0.2562791,0.23837104,0.036203425,0.2419982,0,Shasta_2006_04.tif
0.20453998,0.25995564,0.23443158,0.051627576,0.23297572,0,Shasta_2006_04.tif
0.22259693,0.22196294,0.16580136,0.14483395,0.20345373,0,Shasta_2016_09.tif
0.21389905,0.2087606,0.1432776,0.18601054,0.18864577,0,Shasta_2016_09.tif
0.17970735,0.13182281,0.1072396,0.102831356,0.13958992,0,Shasta_2016_09.tif
0.19710313,0.20648433,0.14649528,0.16994998,0.18336092,0,Shasta_2016_09.tif
0.1779078,0.16664967,0.115283795,0.18219084,0.15328042,0,Shasta_2016_09.tif
0.24029262,0.28706416,0.18896866,0.20606835,0.23877515,0,Shasta_2016_09.tif
0.30717638,0.3043638,0.26040113,0.077842265,0.29064712,0,Shasta_2016_09.tif
0.3140747,0.32393965,0.28163782,0.0698536,0.3065507,0,Shasta_2016_09.tif
0.24539138,0.26156998,0.1896122,0.15948685,0.23219119,0,Shasta_2016_09.tif
0.14401603,0.09471967,0.08246346,0.06917218,0.107066385,0,Shasta_2016_09.tif
0.30552676,0.2977626,0.2555746,0.07624268,0.286288,0,Shasta_2016_09.tif
0.30567673,0.35398638,0.2668365,0.14037779,0.3088332,0,Shasta_2016_09.tif
0.29038045,0.3198424,0.2597576,0.103665784,0.2899935,0,Shasta_2016_09.tif
0.23789321,0.23539291,0.18768159,0.11277261,0.22032256,0,Shasta_2016_09.tif
0.20940013,0.16118664,0.15421772,0.022095107,0.17493482,0,Shasta_2016_09.tif
0.27508417,0.2506439,0.22983319,0.04331253,0.25185373,0,Shasta_2016_09.tif
0.28423196,0.28182873,0.2549311,0.05011103,0.27366394,0,Shasta_2016_09.tif
0.26008782,0.26407388,0.21599716,0.100144796,0.24671961,0,Shasta_2016_09.tif
0.14851493,0.08971188,0.08117639,0.049947485,0.10646773,0,Shasta_2016_09.tif
0.23879299,0.21763803,0.16966258,0.12387103,0.20869787,0,Shasta_2016_09.tif
0.18810531,0.193282,0.13812932,0.16641708,0.17317219,0,Shasta_2016_09.tif
0.2050512,0.17871389,0.16998434,0.025034603,0.18458314,0,Shasta_2016_09.tif
0.17985731,0.14411464,0.1262239,0.06617876,0.15006529,0,Shasta_2016_09.tif
0.15181413,0.07969631,0.07860225,0.0069113625,0.1033709,0,Shasta_2016_09.tif
0.18930502,0.16232477,0.12397153,0.13396297,0.15853377,0,Shasta_2016_09.tif
0.13319188,0.1630255,0.15443966,0.0270449,0.15021901,0,Shasta_1994_08.tif
0.12668101,0.16747625,0.16043235,0.021481218,0.15152986,0,Shasta_1994_08.tif
0.17611054,0.20827486,0.20477833,0.008465058,0.1963879,0,Shasta_1994_08.tif
0.1965733,0.2653929,0.24433015,0.04132186,0.23543213,0,Shasta_1994_08.tif
0.16109566,0.2538951,0.2113703,0.09139882,0.20878702,0,Shasta_1994_08.tif
0.07299948,0.07901745,0.113988936,-0.18119246,0.08866862,0,Shasta_1994_08.tif
0.12402351,0.11592165,0.13466375,-0.074792966,0.12486962,0,Shasta_1994_08.tif
0.12176463,0.15542212,0.17121921,-0.04836205,0.14946865,0,Shasta_1994_08.tif
0.15471765,0.19399534,0.1745152,0.052861676,0.17440939,0,Shasta_1994_08.tif
0.16747366,0.22552153,0.20567724,0.04602111,0.19955748,0,Shasta_1994_08.tif
0.08123773,0.09422421,0.058256824,0.23587948,0.07790626,0,Shasta_1994_08.tif
0.16149428,0.20734762,0.15294148,0.15100646,0.17392778,0,Shasta_1994_08.tif
0.07645423,0.05453829,0.104999885,-0.31629595,0.07866413,0,Shasta_1994_08.tif
0.073265225,0.08235552,0.09001813,-0.044453226,0.08187962,0,Shasta_1994_08.tif
0.1422274,0.18639196,0.19129476,-0.01298108,0.17330472,0,Shasta_1994_08.tif
0.14435339,0.20289686,0.15414003,0.13655928,0.1671301,0,Shasta_1994_08.tif
0.18195705,0.21050023,0.16822286,0.11163104,0.18689339,0,Shasta_1994_08.tif
0.059180465,0.030430023,0.10979404,-0.56597596,0.06646818,0,Shasta_1994_08.tif
0.11153325,0.15393853,0.14694878,0.02323037,0.13747352,0,Shasta_1994_08.tif
0.16959967,0.23219767,0.2035798,0.06567069,0.20179237,0,Shasta_1994_08.tif
0.07220223,0.08309732,0.080429815,0.016312188,0.07857645,0,Shasta_1994_08.tif
0.08575548,0.116848886,0.085823245,0.15308216,0.09614253,0,Shasta_1994_08.tif
0.16468328,0.15542212,0.2122692,-0.15460502,0.17745821,0,Shasta_1994_08.tif
0.18302004,0.22255437,0.21886118,0.008366684,0.2081452,0,Shasta_1994_08.tif
0.16601203,0.24221188,0.18889768,0.123667106,0.19904053,0,Shasta_1994_08.tif
0.10690226,0.3152311,0.5768196,-0.29324362,0.33298433,0,Shasta_2002_04.tif
0.39561048,0.55663943,0.71676946,-0.125749,0.5563398,0,Shasta_2002_04.tif
0.109175555,0.23004708,0.39081034,-0.25893706,0.24334432,0,Shasta_2002_04.tif
0.17760168,0.23229723,0.2809763,-0.09484021,0.23029174,0,Shasta_2002_04.tif
0.010741961,0.21333171,0.52987444,-0.42591456,0.25131604,0,Shasta_2002_04.tif
0.12599792,0.255763,0.55644715,-0.37020442,0.312736,0,Shasta_2002_04.tif
0.27421662,0.3386969,0.53607476,-0.22563332,0.38299608,0,Shasta_2002_04.tif
0.20056194,0.25544155,0.39479625,-0.21431312,0.2835999,0,Shasta_2002_04.tif
0.016879853,0.23133287,0.5599902,-0.41532588,0.26940098,0,Shasta_2002_04.tif
0.020517122,0.22104649,0.50374454,-0.3900402,0.24843605,0,Shasta_2002_04.tif
0.007559351,0.0,0.1591845,-0.99999374,0.055581283,0,Shasta_2002_04.tif
0.098718405,0.2609062,0.5555614,-0.36088982,0.30506203,0,Shasta_2002_04.tif
0.11463146,0.30687344,0.5431608,-0.2779736,0.32155523,0,Shasta_2002_04.tif
0.17601037,0.2204036,0.42446917,-0.31644267,0.27362773,0,Shasta_2002_04.tif
0.28353712,0.34512588,0.40808263,-0.083584644,0.3455819,0,Shasta_2002_04.tif
0.3058154,0.32423168,0.42181188,-0.13079673,0.35061964,0,Shasta_2002_04.tif
0.6606765,0.75465214,0.7490997,0.0036924095,0.7214761,0,Shasta_2002_04.tif
0.3105893,0.36569864,0.5033017,-0.15834619,0.39319655,0,Shasta_2002_04.tif
0.46608257,0.45216843,0.48868665,-0.03881382,0.4689792,0,Shasta_2002_04.tif
0.3746962,0.43898904,0.45502782,-0.017940106,0.42290434,0,Shasta_2002_04.tif
0.31809118,0.3277676,0.36955214,-0.05992153,0.3384703,0,Shasta_2002_04.tif
0.13475707,0.17776033,0.09802271,0.28913066,0.1368467,0,Shasta_2003_07.tif
0.115738966,0.13515899,0.06698091,0.33727995,0.105959624,0,Shasta_2003_07.tif
0.049077593,0.11128052,0.018654479,0.712859,0.059670866,0,Shasta_2003_07.tif
0.05848861,0.15279648,0.0066610575,0.91644776,0.07264871,0,Shasta_2003_07.tif
0.0796634,0.10178341,0.034175377,0.4972649,0.07187406,0,Shasta_2003_07.tif
0.037117757,0.06922188,0.029236909,0.40610456,0.045192182,0,Shasta_2003_07.tif
0.056724045,0.07030726,0.038761094,0.28923035,0.055264134,0,Shasta_2003_07.tif
0.06535081,0.04778553,0.013716011,0.55395305,0.042284116,0,Shasta_2003_07.tif
0.04201933,0.14139995,0.0,0.99999297,0.061139762,0,Shasta_2003_07.tif
0.07770277,0.15768072,0.011599525,0.86294967,0.08232767,0,Shasta_2003_07.tif
0.067115374,0.034489572,0.0,0.99997103,0.033868317,0,Shasta_2003_07.tif
0.07025238,0.013324573,0.0,0.99992496,0.027858986,0,Shasta_2003_07.tif
0.07162482,0.0882161,0.018654479,0.6508898,0.05949847,0,Shasta_2003_07.tif
0.1816161,0.19431244,0.1209513,0.2326969,0.16562662,0,Shasta_2003_07.tif
0.0902508,0.05565457,0.0,0.99998206,0.048635125,0,Shasta_2003_07.tif
0.15495154,0.16256495,0.11036887,0.19124009,0.14262845,0,Shasta_2003_07.tif
0.5388426,0.6021457,0.40456045,0.19626884,0.5151829,0,Shasta_2003_07.tif
0.5611938,0.6243961,0.42713627,0.18759254,0.5375754,0,Shasta_2003_07.tif
0.5184521,0.6205972,0.41937584,0.1934869,0.51947504,0,Shasta_2003_07.tif
0.49021906,0.5950907,0.42219782,0.16995446,0.5025025,0,Shasta_2003_07.tif
0.5094332,0.59074914,0.44689015,0.13864054,0.5156908,0,Shasta_2003_07.tif
0.41850495,0.4816873,0.42239103,0.06558747,0.4408611,0,Shasta_2020_01.tif
0.48236698,0.53935623,0.41378903,0.13173969,0.4785041,0,Shasta_2020_01.tif
0.7555001,0.74910027,0.73759323,0.007740013,0.7473979,0,Shasta_2020_01.tif
0.7371602,0.7760125,0.7557189,0.013248785,0.7562972,0,Shasta_2020_01.tif
0.49808687,0.611122,0.56370974,0.04035662,0.55763954,0,Shasta_2020_01.tif
0.53181916,0.5184246,0.47707525,0.041536197,0.50910634,0,Shasta_2020_01.tif
0.50299937,0.55046284,0.51578426,0.03252393,0.5230822,0,Shasta_2020_01.tif
0.58978623,0.6764802,0.57599837,0.08022631,0.6140883,0,Shasta_2020_01.tif
0.77154744,0.81958455,0.8420462,-0.013517829,0.8110594,0,Shasta_2020_01.tif
0.4867882,0.57075375,0.5434336,0.024520224,0.5336585,0,Shasta_2020_01.tif
0.81575966,0.8204389,0.71055835,0.07177054,0.7822523,0,Shasta_2020_01.tif
0.47090456,0.50475484,0.44143835,0.06691702,0.47236595,0,Shasta_2020_01.tif
0.36610532,0.42786294,0.42054775,0.008622215,0.40483868,0,Shasta_2020_01.tif
0.6696957,0.73436266,0.7197748,0.010031974,0.7079444,0,Shasta_2020_01.tif
0.61811477,0.6995477,0.6847523,0.01068801,0.6674716,0,Shasta_2020_01.tif
0.62417346,0.7004021,0.64358556,0.042274553,0.6560537,0,Shasta_2020_01.tif
0.81346714,0.7980121,0.745888,0.033761285,0.785789,0,Shasta_2020_01.tif
0.5876575,0.69655746,0.607027,0.06868017,0.630414,0,Shasta_2020_01.tif
0.45371094,0.5295312,0.49612254,0.032572992,0.49312153,0,Shasta_2020_01.tif
0.6017399,0.63846135,0.6583319,-0.015322802,0.6328444,0,Shasta_2020_01.tif
1.0,1.0,1.0,0.0,1.0,0,Shasta_2020_01.tif
0.54197156,0.6337624,0.5750767,0.04854713,0.58360356,0,Shasta_2020_01.tif
0.5588377,0.64273316,0.607027,0.02857039,0.60286593,0,Shasta_2020_01.tif
0.63678217,0.69057703,0.6865956,0.0028910018,0.6713183,0,Shasta_2020_01.tif
0.8090459,0.88750577,0.9259158,-0.021180948,0.8741558,0,Shasta_2020_01.tif
0.18321031,0.2667474,0.24045034,0.051847618,0.23013602,0,Shasta_2015_12.tif
0.26132962,0.36955634,0.372336,-0.0037467144,0.33440733,0,Shasta_2015_12.tif
0.25076702,0.36036673,0.33486295,0.036683917,0.3153322,0,Shasta_2015_12.tif
0.24438545,0.3595052,0.33388963,0.036942206,0.31259343,0,Shasta_2015_12.tif
0.18166994,0.2727781,0.23996368,0.063997805,0.23147058,0,Shasta_2015_12.tif
0.21335778,0.31039813,0.25213024,0.10358195,0.25862873,0,Shasta_2015_12.tif
0.11917448,0.18719968,0.1898374,-0.0069958824,0.16540386,0,Shasta_2015_12.tif
0.09298801,0.15101552,0.17913081,-0.08515982,0.14104478,0,Shasta_2015_12.tif
0.10157013,0.15101552,0.17913081,-0.08515982,0.14390548,0,Shasta_2015_12.tif
0.20015451,0.25382447,0.2618635,-0.0155889075,0.23861416,0,Shasta_2015_12.tif
0.19025207,0.21563008,0.24191034,-0.057437975,0.21593082,0,Shasta_2015_12.tif
0.15834416,0.17973311,0.23558371,-0.13447675,0.19122033,0,Shasta_2015_12.tif
0.1471214,0.1619282,0.21222389,-0.1344254,0.17375784,0,Shasta_2015_12.tif
0.05986982,0.096739285,0.101021394,-0.02165288,0.08587683,0,Shasta_2015_12.tif
0.058439463,0.09013424,0.0878815,0.012654668,0.0788184,0,Shasta_2015_12.tif
0.13369808,0.21893261,0.20224729,0.03961557,0.18495934,0,Shasta_2015_12.tif
0.2106071,0.3023572,0.26746014,0.06124243,0.26014146,0,Shasta_2015_12.tif
0.16362548,0.26243976,0.2316904,0.062229127,0.21925187,0,Shasta_2015_12.tif
0.20829652,0.2618654,0.29106328,-0.05280576,0.25374174,0,Shasta_2015_12.tif
0.22017945,0.2618654,0.29933655,-0.06676933,0.26046047,0,Shasta_2015_12.tif
0.11213274,0.16063592,0.16136761,-0.0022723023,0.14471209,0,Shasta_2015_12.tif
0.10905198,0.16393843,0.14652438,0.056090422,0.13983826,0,Shasta_2015_12.tif
0.102010235,0.13033886,0.16112427,-0.10562332,0.1311578,0,Shasta_2015_12.tif
0.18453065,0.21735315,0.21514386,0.0051082103,0.20567589,0,Shasta_2015_12.tif
0.18453065,0.21735315,0.21514386,0.0051082103,0.20567589,0,Shasta_2015_12.tif
0.22045444,0.3030069,0.26012138,0.076155715,0.26119423,0,Shasta_2004_04.tif
0.20928039,0.28525496,0.21971099,0.12979852,0.23808211,0,Shasta_2004_04.tif
0.23762938,0.30328867,0.22167265,0.15547022,0.2541969,0,Shasta_2004_04.tif
0.30715683,0.36443424,0.27503008,0.13981082,0.3155404,0,Shasta_2004_04.tif
0.7183207,0.824294,0.75446206,0.04423221,0.76569223,0,Shasta_2004_04.tif
0.21797131,0.3176593,0.19107062,0.24883226,0.24223375,0,Shasta_2004_04.tif
0.20783189,0.24383378,0.1643919,0.19460236,0.20535253,0,Shasta_2004_04.tif
0.2117635,0.36781555,0.21657231,0.2588058,0.2653838,0,Shasta_2004_04.tif
0.25894284,0.30836067,0.22638066,0.15330748,0.26456138,0,Shasta_2004_04.tif
0.29205117,0.3528814,0.28405374,0.10806054,0.3096621,0,Shasta_2004_04.tif
0.15216854,0.2387618,0.15419123,0.21521746,0.18170719,0,Shasta_2004_04.tif
0.28129098,0.3881035,0.26326004,0.19166449,0.31088483,0,Shasta_2004_04.tif
0.22583453,0.36668846,0.24050468,0.20781456,0.2776759,0,Shasta_2004_04.tif
0.21838517,0.34921828,0.22324198,0.2200608,0.26361516,0,Shasta_2004_04.tif
0.21797131,0.30920598,0.19185528,0.23420382,0.23967753,0,Shasta_2004_04.tif
0.28977498,0.5444896,0.26482937,0.34554964,0.3663647,0,Shasta_2004_04.tif
0.28729185,0.49686933,0.2903311,0.26237023,0.3581641,0,Shasta_2004_04.tif
0.22045444,0.3227313,0.2130413,0.20473197,0.25207567,0,Shasta_2004_04.tif
0.2999144,0.31089666,0.2569827,0.09493892,0.2892646,0,Shasta_2004_04.tif
0.2999144,0.35090896,0.24835135,0.17114004,0.2997249,0,Shasta_2004_04.tif
0.26204675,0.53800875,0.27228373,0.32793674,0.35744643,0,Shasta_2004_04.tif
0.24487182,0.4337513,0.25619805,0.25734207,0.3116071,0,Shasta_2004_04.tif
0.19086388,0.29032695,0.18047759,0.23332214,0.22055614,0,Shasta_2004_04.tif
0.27053076,0.37345108,0.26679105,0.16659303,0.30359095,0,Shasta_2004_04.tif
0.26721993,0.35316318,0.25149003,0.1681509,0.29062438,0,Shasta_2004_04.tif
0.12599549,0.20151195,0.14333025,0.16871929,0.1569459,0,Shasta_2009_11.tif
0.140219,0.20251969,0.15208192,0.14223742,0.16494021,0,Shasta_2009_11.tif
0.16523625,0.24470013,0.1853869,0.13790953,0.19844109,0,Shasta_2009_11.tif
0.1625126,0.241533,0.18246968,0.13929906,0.1955051,0,Shasta_2009_11.tif
0.088873126,0.17387152,0.13603719,0.122081794,0.13292727,0,Shasta_2009_11.tif
0.0662769,0.09642072,0.07769271,0.107561514,0.08013011,0,Shasta_2009_11.tif
0.12821476,0.18927531,0.14697678,0.12579371,0.15482229,0,Shasta_2009_11.tif
0.16231085,0.22483358,0.17833693,0.1153272,0.18849379,0,Shasta_2009_11.tif
0.11530264,0.18913135,0.12825793,0.19179358,0.14423065,0,Shasta_2009_11.tif
0.050741993,0.09296567,0.07380308,0.114904456,0.07250359,0,Shasta_2009_11.tif
0.06526814,0.12031818,0.052167002,0.39511093,0.07925111,0,Shasta_2009_11.tif
0.07192595,0.13903306,0.07380308,0.30647838,0.094920695,0,Shasta_2009_11.tif
0.101583496,0.16379428,0.09422365,0.2696338,0.119867146,0,Shasta_2009_11.tif
0.054777034,0.10102746,0.064565204,0.22019112,0.07345656,0,Shasta_2009_11.tif
0.07293472,0.09440527,0.06602381,0.17690858,0.077787936,0,Shasta_2009_11.tif
0.122767456,0.19632937,0.12096487,0.23752168,0.14668722,0,Shasta_2009_11.tif
0.04832097,0.10736173,0.04365843,0.42181706,0.06644704,0,Shasta_2009_11.tif
0.040856145,0.06820445,0.04365843,0.21942754,0.05090634,0,Shasta_2009_11.tif
0.09129415,0.146519,0.09957189,0.19077067,0.11246168,0,Shasta_2009_11.tif
0.24200289,0.28904,0.23668142,0.09959359,0.2559081,0,Shasta_2009_11.tif
0.059013825,0.103906676,0.061161775,0.258951,0.07469409,0,Shasta_2009_11.tif
0.078482896,0.10275499,0.08693059,0.08342393,0.089389496,0,Shasta_2009_11.tif
0.13527608,0.20323949,0.15597156,0.13158782,0.16482903,0,Shasta_2009_11.tif
0.2490642,0.32675767,0.27703634,0.082348034,0.28428605,0,Shasta_2009_11.tif
0.227275,0.2956622,0.209454,0.17066967,0.24413042,0,Shasta_2009_11.tif
0.23055914,0.3177566,0.3103084,0.011858939,0.28620803,0,Shasta_2003_08.tif
0.26955745,0.34072256,0.4136361,-0.09665619,0.34130538,0,Shasta_2003_08.tif
0.4680942,0.49309292,0.5787759,-0.079937845,0.513321,0,Shasta_2003_08.tif
0.57830673,0.53217924,0.54033554,-0.00760483,0.55027384,0,Shasta_2003_08.tif
0.6578448,0.6713,0.6153711,0.04346786,0.64817196,0,Shasta_2003_08.tif
0.31410488,0.3899669,0.4204016,-0.037556566,0.3748245,0,Shasta_2003_08.tif
0.29237068,0.36103863,0.4204016,-0.075966015,0.35793698,0,Shasta_2003_08.tif
0.38161972,0.42551997,0.52219164,-0.10200526,0.44311044,0,Shasta_2003_08.tif
0.3194999,0.38820028,0.47206545,-0.0974874,0.39325523,0,Shasta_2003_08.tif
0.44759312,0.45268166,0.4406981,0.013413736,0.44699097,0,Shasta_2003_08.tif
0.36250594,0.38091302,0.44807866,-0.081020795,0.39716586,0,Shasta_2003_08.tif
0.27464417,0.33917677,0.40625554,-0.08998627,0.3400255,0,Shasta_2003_08.tif
0.27464417,0.3153275,0.30969337,0.009014291,0.29988834,0,Shasta_2003_08.tif
0.25614697,0.34403497,0.28939685,0.08625717,0.29652625,0,Shasta_2003_08.tif
0.40874895,0.40719137,0.3773484,0.03803878,0.3977629,0,Shasta_2003_08.tif
0.8304854,0.81925386,0.7666724,0.033155046,0.8054705,0,Shasta_2003_08.tif
0.5114085,0.56221163,0.54218066,0.018137539,0.53860027,0,Shasta_2003_08.tif
0.34431702,0.4182327,0.39456967,0.029112875,0.38570645,0,Shasta_2003_08.tif
0.647363,0.790988,0.6614995,0.08914944,0.69995016,0,Shasta_2003_08.tif
0.45345056,0.5206963,0.50343275,0.016856778,0.49252653,0,Shasta_2003_08.tif
0.47348922,0.61521006,0.6636522,-0.037879054,0.5841172,0,Shasta_2003_08.tif
0.53545487,0.5889317,0.6285946,-0.032576602,0.58432704,0,Shasta_2003_08.tif
0.6122183,0.68145806,0.6814885,-2.2347136e-05,0.6583883,0,Shasta_2003_08.tif
0.82909817,0.8846185,0.86600226,0.010634084,0.8599064,0,Shasta_2003_08.tif
1.0,1.0,1.0,0.0,1.0,0,Shasta_2003_08.tif
0.08073216,0.3083136,0.42171577,-0.15533896,0.27025384,1,Shasta_1986_08.tif
0.026503058,0.29631636,0.4134096,-0.1649835,0.24540968,1,Shasta_1986_08.tif
0.028263742,0.26079503,0.3942693,-0.20375717,0.22777604,1,Shasta_1986_08.tif
0.021925276,0.2826724,0.393547,-0.16396222,0.23271489,1,Shasta_1986_08.tif
0.028263742,0.27138084,0.4097982,-0.2032023,0.23648094,1,Shasta_1986_08.tif
0.25011006,0.67599446,0.69654197,-0.014970455,0.5408822,1,Shasta_1986_08.tif
0.07844327,0.33042622,0.4264106,-0.1268229,0.27842668,1,Shasta_1986_08.tif
0.02843981,0.26549983,0.38524082,-0.18400696,0.22639348,1,Shasta_1986_08.tif
0.029672291,0.25350258,0.40546456,-0.23060596,0.22954647,1,Shasta_1986_08.tif
0.023509892,0.26126552,0.38957447,-0.19714332,0.2247833,1,Shasta_1986_08.tif
0.03442614,0.28408384,0.40654796,-0.1773216,0.24168599,1,Shasta_1986_08.tif
0.026326988,0.2819667,0.39896408,-0.17181955,0.23575258,1,Shasta_1986_08.tif
0.050800513,0.27537993,0.38921335,-0.17128259,0.2384646,1,Shasta_1986_08.tif
0.07809113,0.23350714,0.3462379,-0.1944485,0.21927874,1,Shasta_1986_08.tif
0.11841082,0.24032912,0.33251464,-0.16092584,0.2304182,1,Shasta_1986_08.tif
0.27352718,0.43416727,0.5192231,-0.08921397,0.4089725,1,Shasta_1986_08.tif
0.21102285,0.3339548,0.38271284,-0.06803427,0.30923018,1,Shasta_1986_08.tif
0.29500753,0.3699466,0.37982374,-0.013173543,0.3482593,1,Shasta_1986_08.tif
0.18091515,0.20974785,0.25486994,-0.09711636,0.21517766,1,Shasta_1986_08.tif
0.15027922,0.20645449,0.22092295,-0.03385398,0.19255221,1,Shasta_1986_08.tif
0.23109467,0.2502092,0.283761,-0.062834434,0.25502163,1,Shasta_1986_08.tif
0.16172367,0.21962795,0.22092295,-0.0029394955,0.20075817,1,Shasta_1986_08.tif
0.17616129,0.25844264,0.25595334,0.004839256,0.23018575,1,Shasta_1986_08.tif
0.16401257,0.21633458,0.21731156,-0.002252937,0.19921957,1,Shasta_1986_08.tif
0.2874366,0.32501566,0.3321535,-0.010861471,0.3148686,1,Shasta_1986_08.tif
0.12505357,0.31396508,0.42774454,-0.15340142,0.28892106,0,Shasta_2007_09.tif
0.12505357,0.31396508,0.42774454,-0.15340142,0.28892106,0,Shasta_2007_09.tif
0.5140811,0.585329,0.57960016,0.004917755,0.5596701,0,Shasta_2007_09.tif
0.31456408,0.3112694,0.36286506,-0.07653604,0.3295662,0,Shasta_2007_09.tif
0.53858674,0.55597615,0.57677937,-0.018365124,0.55711406,0,Shasta_2007_09.tif
0.13812326,0.27353007,0.34029827,-0.10877323,0.25065053,0,Shasta_2007_09.tif
0.13812326,0.27353007,0.34029827,-0.10877323,0.25065053,0,Shasta_2007_09.tif
0.92271316,0.8953308,0.7747088,0.07222697,0.86425096,0,Shasta_2007_09.tif
1.0,1.0,0.92656446,0.038117338,0.9755215,0,Shasta_2007_09.tif
1.0,1.0,1.0,0.0,1.0,0,Shasta_2007_09.tif
0.029889885,0.22680517,0.3520518,-0.2163685,0.20291561,0,Shasta_2007_09.tif
0.071345314,0.2402835,0.3520518,-0.1886906,0.22122687,0,Shasta_2007_09.tif
0.29291743,0.36757892,0.5142505,-0.1663263,0.39158228,0,Shasta_2007_09.tif
0.35765323,0.53351223,0.5114297,0.021132741,0.4675317,0,Shasta_2007_09.tif
0.36041012,0.3809075,0.38378635,-0.0037646974,0.37503466,0,Shasta_2007_09.tif
0.037650015,0.2660421,0.36286506,-0.15395401,0.22218573,0,Shasta_2007_09.tif
0.5635009,0.60150295,0.58289117,0.015714172,0.58263165,0,Shasta_2007_09.tif
0.5635009,0.60150295,0.58289117,0.015714172,0.58263165,0,Shasta_2007_09.tif
0.16722375,0.18532182,0.23240085,-0.112703755,0.19498213,0,Shasta_2007_09.tif
0.12382829,0.12317171,0.15365218,-0.11010739,0.13355072,0,Shasta_2007_09.tif
0.037037373,0.21692105,0.35487264,-0.24126072,0.20294368,0,Shasta_2007_09.tif
0.29730803,0.4420093,0.5140155,-0.075318255,0.41777763,0,Shasta_2007_09.tif
0.35387528,0.4420093,0.5140155,-0.075318255,0.43663335,0,Shasta_2007_09.tif
0.2310406,0.25211447,0.26178467,-0.01881727,0.24831325,0,Shasta_2007_09.tif
0.19489473,0.24537532,0.21571083,0.064335965,0.2186603,0,Shasta_2007_09.tif
